{
  "name": "Streaming Upload Trial",
  "description": "When there is a trigger event, do action",
  "version": 9,
  "private": true,
  "concurrency": 1,
  "code": {
    "number": 0,
    "provider": "clock",
    "name": "timer",
    "as": "a2fb99f4",
    "keyword": "trigger",
    "dynamicPickListSelection": {
    },
    "toggleCfg": {
    },
    "input": {
      "interval": "5"
    },
    "block": [
      {
        "number": 1,
        "keyword": "try",
        "dynamicPickListSelection": {
        },
        "toggleCfg": {
        },
        "input": {
        },
        "block": [
          {
            "number": 2,
            "provider": "onprem_files",
            "name": "download_file",
            "as": "2d0ce8ec",
            "keyword": "action",
            "dynamicPickListSelection": {
              "folder_path": {
                "ids": [
                  "/",
                  "/10GB"
                ],
                "titles": [
                  "Home folder",
                  "10GB"
                ]
              },
              "path": {
                "ids": [
                  "/",
                  "/5GB",
                  "/5GB/7346c9ffd8426ffef4b0e031b957955c03ce7d33e917d51d226d5bf86fa9ba49.csv"
                ],
                "titles": [
                  "Home folder",
                  "5GB",
                  "7346c9ffd8426ffef4b0e031b957955c03ce7d33e917d51d226d5bf86fa9ba49.csv"
                ]
              }
            },
            "toggleCfg": {
              "path": true
            },
            "input": {
              "path": "/5GB/7346c9ffd8426ffef4b0e031b957955c03ce7d33e917d51d226d5bf86fa9ba49.csv"
            },
            "uuid": "d6d5583e-ff79-47ed-bfd5-d72af0a6c4d0"
          },
          {
            "number": 3,
            "provider": "amazon_s3",
            "name": "upload_file_streaming",
            "as": "0b5bc99d",
            "title": null,
            "description": null,
            "keyword": "action",
            "dynamicPickListSelection": {
            },
            "toggleCfg": {
            },
            "input": {
              "accelerate": "false",
              "region": "us-east-1",
              "bucket": "workato-demo",
              "file": "#{_('data.onprem_files.2d0ce8ec.content')}",
              "object_name": "voya/contacts-unload/contacts_#{_('data.workato.job_context.job_id')}.csv"
            },
            "extended_input_schema": [
              {
                "type": "string",
                "name": "region",
                "control_type": "text",
                "label": "Region",
                "hint": "Go to <b>Bucket</b>><b>Properties</b>><b>Static website hosting</b> to find your region in the 'Endpoint' URL, e.g. <b>us-west-2</b>",
                "optional": false
              },
              {
                "type": "string",
                "name": "bucket",
                "control_type": "text",
                "label": "Bucket name",
                "hint": "Exact, case sensitive bucket name",
                "optional": false
              },
              {
                "type": "string",
                "name": "object_name",
                "control_type": "text",
                "label": "Object name",
                "hint": "Exact, case sensitive name of the object/file",
                "optional": false
              },
              {
                "type": "string",
                "name": "file",
                "control_type": "text",
                "label": "Contents",
                "hint": "The file contents to upload",
                "sticky": true,
                "optional": true,
                "strip_interpolation": true
              },
              {
                "type": "number",
                "name": "accelerate",
                "control_type": "number",
                "label": "Use accelerated endpoint",
                "hint": "                Default is <b>false</b>. Enter <b>true</b> to use accelerated endpoint.\n                Go to <b>Bucket</b>><b>Properties</b>><b>Transfer acceleration</b> to check if accelerated endpoint is enabled\n",
                "default": "false",
                "sticky": true,
                "optional": true,
                "parse_output": "float_conversion"
              },
              {
                "type": "string",
                "name": "canned_permission",
                "control_type": "select",
                "label": "Canned ACL",
                "hint": "                Learn more about canned ACL\n                <a href=\"https://docs.aws.amazon.com/AmazonS3/latest/dev/acl-overview.html#canned-acl\" target=\"_blank\">here</a>.\n",
                "sticky": true,
                "pick_list": [
                  [
                    "Private",
                    "private"
                  ],
                  [
                    "Public  read",
                    "public-read"
                  ],
                  [
                    "Public  read  write",
                    "public-read-write"
                  ],
                  [
                    "Aws  exec  read",
                    "aws-exec-read"
                  ],
                  [
                    "Authenticated  read",
                    "authenticated-read"
                  ],
                  [
                    "Bucket  owner  read",
                    "bucket-owner-read"
                  ],
                  [
                    "Bucket  owner  full  control",
                    "bucket-owner-full-control"
                  ],
                  [
                    "Log  delivery  write",
                    "log-delivery-write"
                  ]
                ],
                "optional": true,
                "toggle_hint": "Select canned ACL",
                "toggle_field": {
                  "type": "array",
                  "name": "explicit_permissions",
                  "label": "Explicit permissions",
                  "control_type": "key_value",
                  "optional": true,
                  "toggle_hint": "Use explicit permissions",
                  "empty_list_title": "Does this HTTP request require headers?",
                  "empty_list_text": "Refer to the API documentation and add required headers to this HTTP request",
                  "item_label": "Header",
                  "properties": [
                    {
                      "name": "name",
                      "label": "Permission name"
                    },
                    {
                      "name": "value",
                      "label": "Grantee",
                      "placeholder": "Email, user ID or group URI"
                    }
                  ],
                  "hint": "                  Learn more about Access Control List (ACL) specific request headers\n                  <a href=\"https://docs.aws.amazon.com/AmazonS3/latest/API/archive-RESTObjectPUTacl.html\" target=\"_blank\">here</a>.\n"
                }
              }
            ],
            "uuid": "546554b4-5165-4d8e-bc3d-4b8c82862b5d"
          },
          {
            "number": 4,
            "as": "9e623e07",
            "keyword": "catch",
            "dynamicPickListSelection": {
            },
            "toggleCfg": {
            },
            "input": {
              "max_retry_count": "0",
              "retry_interval": "2"
            },
            "block": [
              {
                "number": 5,
                "provider": "logger",
                "name": "log_message",
                "as": "959f707f",
                "keyword": "action",
                "dynamicPickListSelection": {
                },
                "toggleCfg": {
                },
                "input": {
                  "message": "#{_('data.catch.9e623e07.type')}_#{_('data.catch.9e623e07.message')}"
                },
                "uuid": "b895c9cc-3a24-4e4d-8c01-2db7adb92a81"
              }
            ],
            "uuid": "b9ba2788-a4c3-47ff-94c8-0c9b590179ed"
          }
        ],
        "uuid": "51dd056f-13ed-4509-a5b4-c10d5dd943de"
      }
    ],
    "uuid": "a987b44a-19d2-4f45-9a63-deb4354c8373"
  },
  "config": [
    {
      "keyword": "application",
      "provider": "clock",
      "account_id": null
    },
    {
      "keyword": "application",
      "provider": "amazon_s3",
      "account_id": {
        "zip_name": "voya_amazon_s3_connection.connection.json",
        "name": "Voya Amazon S3 Connection",
        "folder": ""
      }
    },
    {
      "keyword": "application",
      "provider": "onprem_files",
      "account_id": {
        "zip_name": "aws_ec2_filetrial.connection.json",
        "name": "AWS_EC2_FileTrial",
        "folder": ""
      }
    },
    {
      "keyword": "application",
      "provider": "logger",
      "account_id": null
    }
  ]
}