{
  "name": "Voya Recipe 0.1: Snowflake Shunt Uploader",
  "description": "When there is a trigger event, do action",
  "version": 23,
  "private": true,
  "concurrency": 1,
  "code": {
    "number": 0,
    "provider": "workato_service",
    "name": "receive_request",
    "as": "c2215290",
    "title": null,
    "description": "New <span class=\"provider\">call</span> for <span class=\"provider\">SnowflakeShuntUpload</span>",
    "keyword": "trigger",
    "dynamicPickListSelection": {
    },
    "toggleCfg": {
    },
    "input": {
      "service_name": "SnowflakeShuntUpload",
      "request_schema_json": "[{\"control_type\":\"text\",\"label\":\"sourceDB\",\"name\":\"sourceTable\",\"type\":\"string\",\"optional\":false},{\"control_type\":\"integer\",\"label\":\"Offset\",\"parse_output\":\"integer_conversion\",\"name\":\"Offset\",\"type\":\"integer\",\"optional\":false},{\"control_type\":\"text\",\"label\":\"S3 Folder\",\"name\":\"S3Folder\",\"type\":\"string\",\"optional\":false},{\"control_type\":\"text\",\"label\":\"S3 Bucket\",\"name\":\"S3Bucket\",\"type\":\"string\",\"optional\":false},{\"control_type\":\"text\",\"label\":\"S3 Region\",\"name\":\"S3Region\",\"type\":\"string\",\"optional\":false},{\"control_type\":\"text\",\"label\":\"Snowflake table\",\"name\":\"snowflakeTable\",\"type\":\"string\",\"optional\":false},{\"control_type\":\"text\",\"label\":\"Snowflake stage\",\"name\":\"snowflakeStage\",\"type\":\"string\",\"optional\":false},{\"name\":\"Limit\",\"type\":\"integer\",\"optional\":false,\"control_type\":\"integer\"},{\"name\":\"orderColumn\",\"type\":\"string\",\"optional\":false,\"control_type\":\"text\"}]",
      "reply_schema_json": "[]"
    },
    "extended_output_schema": [
      {
        "type": "object",
        "name": "request",
        "label": "Recipe input",
        "properties": [
          {
            "control_type": "text",
            "label": "sourceDB",
            "name": "sourceTable",
            "type": "string",
            "optional": false
          },
          {
            "control_type": "integer",
            "label": "Offset",
            "parse_output": "integer_conversion",
            "name": "Offset",
            "type": "integer",
            "optional": false
          },
          {
            "control_type": "text",
            "label": "S3 Folder",
            "name": "S3Folder",
            "type": "string",
            "optional": false
          },
          {
            "control_type": "text",
            "label": "S3 Bucket",
            "name": "S3Bucket",
            "type": "string",
            "optional": false
          },
          {
            "control_type": "text",
            "label": "S3 Region",
            "name": "S3Region",
            "type": "string",
            "optional": false
          },
          {
            "control_type": "text",
            "label": "Snowflake table",
            "name": "snowflakeTable",
            "type": "string",
            "optional": false
          },
          {
            "control_type": "text",
            "label": "Snowflake stage",
            "name": "snowflakeStage",
            "type": "string",
            "optional": false
          },
          {
            "control_type": "integer",
            "label": "Limit",
            "parse_output": "integer_conversion",
            "name": "Limit",
            "type": "integer",
            "optional": false
          },
          {
            "control_type": "text",
            "label": "Order column",
            "name": "orderColumn",
            "type": "string",
            "optional": false
          }
        ]
      }
    ],
    "block": [
      {
        "number": 1,
        "keyword": "try",
        "dynamicPickListSelection": {
        },
        "toggleCfg": {
        },
        "input": {
        },
        "block": [
          {
            "number": 2,
            "provider": "logger",
            "name": "log_message",
            "as": "e65513a0",
            "keyword": "action",
            "dynamicPickListSelection": {
            },
            "toggleCfg": {
            },
            "input": {
              "message": "=now"
            },
            "visible_config_fields": [
              "message"
            ],
            "uuid": "5368bfcc-d3c7-4aec-9915-81deee17713b"
          },
          {
            "number": 3,
            "provider": "amazon_s3",
            "name": "generate_presigned_url",
            "as": "d62e2b40",
            "title": null,
            "description": null,
            "keyword": "action",
            "dynamicPickListSelection": {
            },
            "toggleCfg": {
            },
            "input": {
              "http_method": "put",
              "region": "#{_('data.workato_service.c2215290.request.S3Region')}",
              "bucket": "#{_('data.workato_service.c2215290.request.S3Bucket')}",
              "object_name": "#{_('data.workato_service.c2215290.request.S3Folder')}/contacts_#{_('data.workato.job_context.job_id')}.csv"
            },
            "extended_input_schema": [
              {
                "type": "string",
                "name": "region",
                "control_type": "text",
                "label": "Region",
                "hint": "Go to <b>Bucket</b>><b>Properties</b>><b>Static website hosting</b> to find your region in the 'Endpoint' URL, e.g. <b>us-west-2</b>",
                "optional": false
              },
              {
                "type": "string",
                "name": "bucket",
                "control_type": "text",
                "label": "Bucket name",
                "hint": "Exact, case sensitive bucket name",
                "optional": false
              },
              {
                "type": "string",
                "name": "object_name",
                "control_type": "text",
                "label": "Object name",
                "hint": "Exact, case sensitive name of the object/file",
                "optional": false
              },
              {
                "type": "string",
                "name": "http_method",
                "control_type": "select",
                "label": "HTTP Method",
                "hint": "METHOD HINT",
                "default": "put",
                "pick_list": [
                  [
                    "GET",
                    "get"
                  ],
                  [
                    "POST",
                    "post"
                  ],
                  [
                    "PUT",
                    "put"
                  ],
                  [
                    "DELETE",
                    "delete"
                  ],
                  [
                    "HEAD",
                    "head"
                  ],
                  [
                    "PATCH",
                    "patch"
                  ]
                ],
                "optional": false
              },
              {
                "type": "integer",
                "name": "expires_in",
                "control_type": "integer",
                "label": "Expires in",
                "hint": "Duration, in seconds, of this presigned URL. Defaults to 900 seconds.",
                "optional": true,
                "parse_output": "integer_conversion"
              }
            ],
            "visible_config_fields": [
              "http_method"
            ],
            "uuid": "1ad65426-c5d7-4531-8e53-e539c36cfd77"
          },
          {
            "number": 4,
            "provider": "jdbc",
            "name": "export_csv",
            "as": "592cb51d",
            "title": null,
            "description": null,
            "keyword": "action",
            "dynamicPickListSelection": {
            },
            "toggleCfg": {
            },
            "input": {
              "delimiter": "comma",
              "sql": "select * from #{_('data.workato_service.c2215290.request.sourceTable')} ORDER BY #{_('data.workato_service.c2215290.request.orderColumn')} OFFSET #{_('data.workato_service.c2215290.request.Offset')} ROWS FETCH NEXT #{_('data.workato_service.c2215290.request.Limit')} ROWS ONLY;",
              "target_url": "#{_('data.amazon_s3.d62e2b40.url')}"
            },
            "uuid": "addefc36-0d2f-4085-af96-8f8c59f7bde4"
          },
          {
            "number": 5,
            "provider": "snowflake",
            "name": "bulk_load_s3",
            "as": "9dc2d62b",
            "title": null,
            "description": "Bulk load <span class=\"provider\">rows</span> into <span class=\"provider\">#{_('data.workato_service.c2215290.request.snowflakeTable')}</span> in <span class=\"provider\">Snowflake</span> from <span class=\"provider\">External stage</span>",
            "keyword": "action",
            "dynamicPickListSelection": {
              "table": "PUBLIC.DEMO_10GB_VOYA_CONTACTS",
              "stage": "VOYA_S3_STAGE_2 (s3://workato-demo/voya/contacts-unload)"
            },
            "toggleCfg": {
              "table": false,
              "stage": false
            },
            "input": {
              "table": "#{_('data.workato_service.c2215290.request.snowflakeTable')}",
              "stage": "#{_('data.workato_service.c2215290.request.snowflakeStage')}"
            },
            "uuid": "d94f285c-d818-40f9-8041-6b286b3b6eaf"
          },
          {
            "number": 6,
            "provider": "logger",
            "name": "log_message",
            "as": "3b66fdc2",
            "keyword": "action",
            "dynamicPickListSelection": {
            },
            "toggleCfg": {
            },
            "input": {
              "message": "=((now+15.hours).strftime(\"%l:%M %p\")).to_s.downcase+\"|\"+\n(((now - _('data.logger.e65513a0.message'))/60).round(3) ).to_s + \" minutes\""
            },
            "visible_config_fields": [
              "message"
            ],
            "uuid": "bdfff073-3e01-4e24-b6bb-dcc95459e359"
          },
          {
            "number": 7,
            "as": "bcdf5ad5",
            "keyword": "catch",
            "dynamicPickListSelection": {
            },
            "toggleCfg": {
            },
            "input": {
              "max_retry_count": "0",
              "retry_interval": "2"
            },
            "block": [
              {
                "number": 8,
                "keyword": "stop",
                "dynamicPickListSelection": {
                },
                "toggleCfg": {
                },
                "input": {
                  "stop_with_error": "true",
                  "stop_reason": "#{_('data.catch.bcdf5ad5.type')}_#{_('data.catch.bcdf5ad5.message')}"
                },
                "uuid": "dc05e1bb-3d93-4a84-8248-bdbcd34af5c8"
              }
            ],
            "uuid": "406a4078-b676-4b6c-ab54-5ab7b795eedc"
          }
        ],
        "uuid": "823a712e-e9c6-4d6e-a102-880c17b2805c"
      }
    ],
    "job_report_schema": [
      {
        "name": "custom_column_1",
        "label": "Rows exported"
      },
      {
        "name": "custom_column_4",
        "label": "Row Start"
      },
      {
        "name": "custom_column_5",
        "label": "Row End"
      },
      {
        "name": "custom_column_2",
        "label": "End Time"
      },
      {
        "name": "custom_column_3",
        "label": "Duration"
      }
    ],
    "job_report_config": {
      "custom_column_1": "#{_('data.jdbc.592cb51d.row_count')}",
      "custom_column_4": "#{_('data.workato_service.c2215290.request.Offset')}",
      "custom_column_5": "=_('data.workato_service.c2215290.request.Offset')+_('data.jdbc.592cb51d.row_count')",
      "custom_column_2": "=_('data.logger.3b66fdc2.message').split(\"|\").first",
      "custom_column_3": "=_('data.logger.3b66fdc2.message').split(\"|\").last"
    },
    "uuid": "80c1985b-b85b-42a1-87f7-f2596c18f84e"
  },
  "config": [
    {
      "keyword": "application",
      "provider": "jdbc",
      "account_id": {
        "zip_name": "opa_enabled_200gb_workatodemo_sqlserver.connection.json",
        "name": "OPA_Enabled_200GB_workatodemo_SQLServer",
        "folder": ""
      }
    },
    {
      "keyword": "application",
      "provider": "amazon_s3",
      "account_id": {
        "zip_name": "voya_amazon_s3_connection.connection.json",
        "name": "Voya Amazon S3 Connection",
        "folder": ""
      }
    },
    {
      "keyword": "application",
      "provider": "snowflake",
      "account_id": {
        "zip_name": "snowflake_workato_demo_account.connection.json",
        "name": "Snowflake - Workato Demo Account",
        "folder": ""
      }
    },
    {
      "keyword": "application",
      "provider": "workato_service",
      "account_id": null
    },
    {
      "keyword": "application",
      "provider": "logger",
      "account_id": null
    }
  ]
}