{
  "name": "Voya Recipe 1: MS SQL to Snowflake 10GB Chunking",
  "description": "When there is a trigger event, do action",
  "version": 54,
  "private": true,
  "concurrency": 1,
  "code": {
    "number": 0,
    "provider": "clock",
    "name": "timer",
    "as": "3864038b",
    "title": null,
    "description": null,
    "keyword": "trigger",
    "dynamicPickListSelection": {
    },
    "toggleCfg": {
    },
    "input": {
      "interval": "60"
    },
    "block": [
      {
        "number": 1,
        "provider": "mssql",
        "name": "search_rows_sql",
        "as": "d5308970",
        "title": "Select rows using custom SQL",
        "description": "Select <span class=\"provider\">rows</span> using <span class=\"provider\">custom SQL</span> in <span class=\"provider\">SQL Server</span>",
        "keyword": "action",
        "dynamicPickListSelection": {
        },
        "toggleCfg": {
        },
        "input": {
          "sql": "select sum([rows]) as 'row_no'\nfrom sys.partitions\nwhere object_id=object_id('dbo.demo_10GB_voya_contacts')\n and index_id in (0,1)",
          "output_schema": "[{\"control_type\":\"text\",\"label\":\"Row no\",\"parse_output\":\"integer_conversion\",\"name\":\"row_no\",\"type\":\"string\",\"optional\":false}]"
        },
        "extended_output_schema": [
          {
            "type": "array",
            "name": "rows",
            "label": "Rows",
            "of": "object",
            "properties": [
              {
                "control_type": "text",
                "label": "row_no",
                "details": {
                  "primary_key": null,
                  "data_type": "string",
                  "column_name": "row_no",
                  "precision": null,
                  "scale": null,
                  "length": null
                },
                "hint": "string",
                "optional": true,
                "type": "string",
                "name": "row_no"
              }
            ],
            "order_by_hint": false
          }
        ],
        "uuid": "7a158367-79c8-40bc-a23d-22970e0da516"
      },
      {
        "number": 2,
        "provider": "workato_list",
        "name": "create_list",
        "as": "56257a18",
        "title": null,
        "description": null,
        "keyword": "action",
        "dynamicPickListSelection": {
        },
        "toggleCfg": {
        },
        "input": {
          "size": "=(_('data.mssql.d5308970.rows.first.row_no')/25000000).floor()+1"
        },
        "uuid": "6a002617-770f-492d-8ab3-8087df565603"
      },
      {
        "number": 3,
        "as": "942a6aad",
        "keyword": "foreach",
        "dynamicPickListSelection": {
        },
        "toggleCfg": {
        },
        "repeat_mode": "simple",
        "clear_scope": "false",
        "input": {
        },
        "block": [
          {
            "number": 4,
            "provider": "workato_variable",
            "name": "declare_variable",
            "as": "387e3cb1",
            "title": "  Create variable Offset",
            "description": "Create variable <span class=\"provider\">Offset</span>",
            "keyword": "action",
            "dynamicPickListSelection": {
            },
            "toggleCfg": {
            },
            "input": {
              "type": "string",
              "name": "Offset",
              "value": "=_('data.foreach.942a6aad.index', 'foreach_meta')*25000000"
            },
            "extended_output_schema": [
              {
                "type": "string",
                "name": "value",
                "control_type": "text",
                "label": "Offset"
              }
            ],
            "extended_input_schema": [
              {
                "type": "string",
                "name": "value",
                "control_type": "text",
                "label": "Default value",
                "hint": "Default value for the variable",
                "sticky": true,
                "optional": true,
                "strip_interpolation": true
              }
            ],
            "uuid": "f4489989-a3cf-4476-9e18-76a1f324709a"
          },
          {
            "number": 5,
            "provider": "amazon_s3",
            "name": "generate_presigned_url",
            "as": "d62e2b40",
            "title": null,
            "description": null,
            "keyword": "action",
            "dynamicPickListSelection": {
            },
            "toggleCfg": {
            },
            "input": {
              "http_method": "put",
              "region": "us-east-1",
              "bucket": "workato-demo",
              "object_name": "voya/contacts-unload/contacts_#{_('data.workato.job_context.job_id')}.csv"
            },
            "extended_input_schema": [
              {
                "type": "string",
                "name": "region",
                "control_type": "text",
                "label": "Region",
                "hint": "Go to <b>Bucket</b>><b>Properties</b>><b>Static website hosting</b> to find your region in the 'Endpoint' URL, e.g. <b>us-west-2</b>",
                "optional": false
              },
              {
                "type": "string",
                "name": "bucket",
                "control_type": "text",
                "label": "Bucket name",
                "hint": "Exact, case sensitive bucket name",
                "optional": false
              },
              {
                "type": "string",
                "name": "object_name",
                "control_type": "text",
                "label": "Object name",
                "hint": "Exact, case sensitive name of the object/file",
                "optional": false
              },
              {
                "type": "string",
                "name": "http_method",
                "control_type": "select",
                "label": "HTTP Method",
                "hint": "METHOD HINT",
                "default": "put",
                "pick_list": [
                  [
                    "GET",
                    "get"
                  ],
                  [
                    "POST",
                    "post"
                  ],
                  [
                    "PUT",
                    "put"
                  ],
                  [
                    "DELETE",
                    "delete"
                  ],
                  [
                    "HEAD",
                    "head"
                  ],
                  [
                    "PATCH",
                    "patch"
                  ]
                ],
                "optional": false
              },
              {
                "type": "integer",
                "name": "expires_in",
                "control_type": "integer",
                "label": "Expires in",
                "hint": "Duration, in seconds, of this presigned URL. Defaults to 900 seconds.",
                "optional": true,
                "parse_output": "integer_conversion"
              }
            ],
            "visible_config_fields": [
              "http_method"
            ],
            "uuid": "1ad65426-c5d7-4531-8e53-e539c36cfd77"
          },
          {
            "number": 6,
            "provider": "jdbc",
            "name": "export_csv",
            "as": "592cb51d",
            "title": null,
            "description": null,
            "keyword": "action",
            "dynamicPickListSelection": {
            },
            "toggleCfg": {
            },
            "input": {
              "delimiter": "comma",
              "sql": "select * from dbo.demo_10GB_voya_contacts ORDER BY contact_id OFFSET #{_('data.workato_variable.387e3cb1.value')} ROWS FETCH NEXT 25000000 ROWS ONLY;",
              "target_url": "#{_('data.amazon_s3.d62e2b40.url')}"
            },
            "uuid": "addefc36-0d2f-4085-af96-8f8c59f7bde4"
          },
          {
            "number": 7,
            "provider": "snowflake",
            "name": "bulk_load_s3",
            "as": "9dc2d62b",
            "title": null,
            "description": "Bulk load <span class=\"provider\">rows</span> into <span class=\"provider\">PUBLIC.DEMO_10GB_VOYA_CONTACTS</span> in <span class=\"provider\">Snowflake</span> from <span class=\"provider\">External stage</span>",
            "keyword": "action",
            "dynamicPickListSelection": {
              "table": "PUBLIC.DEMO_10GB_VOYA_CONTACTS",
              "stage": "VOYA_S3_STAGE_2 (s3://workato-demo/voya/contacts-unload)"
            },
            "toggleCfg": {
              "table": true,
              "stage": true
            },
            "input": {
              "table": "PUBLIC.DEMO_10GB_VOYA_CONTACTS",
              "stage": "PUBLIC.VOYA_S3_STAGE_2"
            },
            "uuid": "d94f285c-d818-40f9-8041-6b286b3b6eaf"
          }
        ],
        "source": "#{_('data.workato_list.56257a18.list')}",
        "uuid": "17f25a25-91de-43e0-9a7c-ea7135076149"
      }
    ],
    "job_report_schema": [
      {
        "name": "custom_column_1",
        "label": "Rows exported"
      },
      {
        "name": "custom_column_2",
        "label": "Rows loaded"
      },
      {
        "name": "custom_column_3",
        "label": "S3 object"
      }
    ],
    "job_report_config": {
      "custom_column_1": "#{_('data.jdbc.592cb51d.row_count')}",
      "custom_column_2": "#{_('data.snowflake.9dc2d62b.rows_loaded')}",
      "custom_column_3": "#{_('data.amazon_s3.d62e2b40.url')}"
    },
    "uuid": "80c1985b-b85b-42a1-87f7-f2596c18f84e"
  },
  "config": [
    {
      "keyword": "application",
      "provider": "clock",
      "account_id": null
    },
    {
      "keyword": "application",
      "provider": "jdbc",
      "account_id": {
        "zip_name": "opa_enabled_200gb_workatodemo_sqlserver.connection.json",
        "name": "OPA_Enabled_200GB_workatodemo_SQLServer",
        "folder": ""
      }
    },
    {
      "keyword": "application",
      "provider": "amazon_s3",
      "account_id": {
        "zip_name": "voya_amazon_s3_connection.connection.json",
        "name": "Voya Amazon S3 Connection",
        "folder": ""
      }
    },
    {
      "keyword": "application",
      "provider": "snowflake",
      "account_id": {
        "zip_name": "snowflake_workato_demo_account.connection.json",
        "name": "Snowflake - Workato Demo Account",
        "folder": ""
      }
    },
    {
      "keyword": "application",
      "provider": "workato_variable",
      "account_id": null
    },
    {
      "keyword": "application",
      "provider": "workato_list",
      "account_id": null
    },
    {
      "keyword": "application",
      "provider": "mssql",
      "account_id": {
        "zip_name": "200gbsqlserver.connection.json",
        "name": "200GBSQLServer",
        "folder": ""
      }
    }
  ]
}