{
  "name": "Voya Recipe 1.1: MS SQL to Snowflake 5GB to Callable",
  "description": "When there is a trigger event, do action",
  "version": 4,
  "private": true,
  "concurrency": 1,
  "code": {
    "number": 0,
    "provider": "clock",
    "name": "timer",
    "as": "3864038b",
    "title": null,
    "description": null,
    "keyword": "trigger",
    "dynamicPickListSelection": {
    },
    "toggleCfg": {
    },
    "input": {
      "interval": "60"
    },
    "block": [
      {
        "number": 1,
        "provider": "mssql",
        "name": "search_rows_sql",
        "as": "d5308970",
        "title": "Select rows using custom SQL",
        "description": "Select <span class=\"provider\">rows</span> using <span class=\"provider\">custom SQL</span> in <span class=\"provider\">SQL Server</span>",
        "keyword": "action",
        "dynamicPickListSelection": {
        },
        "toggleCfg": {
        },
        "input": {
          "sql": "select sum([rows]) as 'row_no'\nfrom sys.partitions\nwhere object_id=object_id('dbo.demo_5GB_voya_contacts')\n and index_id in (0,1)",
          "output_schema": "[{\"control_type\":\"text\",\"label\":\"Row no\",\"parse_output\":\"integer_conversion\",\"name\":\"row_no\",\"type\":\"string\",\"optional\":false}]"
        },
        "extended_output_schema": [
          {
            "type": "array",
            "name": "rows",
            "label": "Rows",
            "of": "object",
            "properties": [
              {
                "control_type": "text",
                "label": "row_no",
                "details": {
                  "primary_key": null,
                  "data_type": "string",
                  "column_name": "row_no",
                  "precision": null,
                  "scale": null,
                  "length": null
                },
                "hint": "string",
                "optional": true,
                "type": "string",
                "name": "row_no"
              }
            ],
            "order_by_hint": false
          }
        ],
        "uuid": "7a158367-79c8-40bc-a23d-22970e0da516"
      },
      {
        "number": 2,
        "provider": "workato_variable",
        "name": "declare_variable",
        "as": "8322407c",
        "title": "  Create variable BatchSize",
        "description": "Create variable <span class=\"provider\">BatchSize</span>",
        "keyword": "action",
        "dynamicPickListSelection": {
        },
        "toggleCfg": {
        },
        "input": {
          "type": "integer",
          "name": "BatchSize",
          "value": "7500000"
        },
        "extended_output_schema": [
          {
            "type": "integer",
            "name": "value",
            "control_type": "number",
            "label": "BatchSize",
            "parse_output": "integer_conversion"
          }
        ],
        "extended_input_schema": [
          {
            "type": "integer",
            "name": "value",
            "control_type": "number",
            "label": "Default value",
            "hint": "Default value for the variable",
            "sticky": true,
            "optional": true,
            "parse_output": "integer_conversion",
            "strip_interpolation": true
          }
        ],
        "uuid": "bc0a8840-f0d8-45af-ae10-5c01b934af48"
      },
      {
        "number": 3,
        "provider": "workato_list",
        "name": "create_list",
        "as": "56257a18",
        "title": null,
        "description": null,
        "keyword": "action",
        "dynamicPickListSelection": {
        },
        "toggleCfg": {
        },
        "input": {
          "size": "=(_('data.mssql.d5308970.rows.first.row_no')/_('data.workato_variable.8322407c.value')).floor()+1"
        },
        "uuid": "6a002617-770f-492d-8ab3-8087df565603"
      },
      {
        "number": 4,
        "as": "942a6aad",
        "keyword": "foreach",
        "dynamicPickListSelection": {
        },
        "toggleCfg": {
        },
        "repeat_mode": "simple",
        "clear_scope": "false",
        "input": {
        },
        "block": [
          {
            "number": 5,
            "provider": "workato_variable",
            "name": "declare_variable",
            "as": "387e3cb1",
            "title": "  Create variable Offset",
            "description": "Create variable <span class=\"provider\">Offset</span>",
            "keyword": "action",
            "dynamicPickListSelection": {
            },
            "toggleCfg": {
            },
            "input": {
              "type": "string",
              "name": "Offset",
              "value": "=_('data.foreach.942a6aad.index', 'foreach_meta')*_('data.workato_variable.8322407c.value')"
            },
            "extended_output_schema": [
              {
                "type": "string",
                "name": "value",
                "control_type": "text",
                "label": "Offset"
              }
            ],
            "extended_input_schema": [
              {
                "type": "string",
                "name": "value",
                "control_type": "text",
                "label": "Default value",
                "hint": "Default value for the variable",
                "sticky": true,
                "optional": true,
                "strip_interpolation": true
              }
            ],
            "uuid": "f4489989-a3cf-4476-9e18-76a1f324709a"
          },
          {
            "number": 6,
            "provider": "workato_service",
            "name": "call_service_async",
            "as": "85eee4ea",
            "title": null,
            "description": "Call recipe <span class=\"provider\">SnowflakeShuntUpload</span> (do not wait for response)",
            "keyword": "action",
            "dynamicPickListSelection": {
              "flow_id": "SnowflakeShuntUpload"
            },
            "toggleCfg": {
            },
            "input": {
              "flow_id": {
                "zip_name": "voya_recipe_0_1_snowflake_shunt_uploader.recipe.json",
                "name": "Voya Recipe 0.1: Snowflake Shunt Uploader",
                "folder": ""
              },
              "request": {
                "sourceTable": "dbo.demo_5GB_voya_contacts",
                "Offset": "#{_('data.workato_variable.387e3cb1.value')}",
                "S3Folder": "voya/contacts-unload",
                "S3Bucket": "workato-demo",
                "S3Region": "us-east-1",
                "snowflakeTable": "PUBLIC.DEMO_5GB_VOYA_CONTACTS",
                "snowflakeStage": "VOYA_S3_STAGE_2",
                "Limit": "#{_('data.workato_variable.8322407c.value')}",
                "orderColumn": "contact_id"
              }
            },
            "extended_input_schema": [
              {
                "type": "object",
                "name": "request",
                "label": "Recipe input",
                "properties": [
                  {
                    "control_type": "text",
                    "label": "sourceDB",
                    "name": "sourceTable",
                    "type": "string",
                    "optional": false,
                    "parent": "request"
                  },
                  {
                    "control_type": "integer",
                    "label": "Offset",
                    "parse_output": "integer_conversion",
                    "name": "Offset",
                    "type": "integer",
                    "optional": false,
                    "parent": "request"
                  },
                  {
                    "control_type": "text",
                    "label": "S3 Folder",
                    "name": "S3Folder",
                    "type": "string",
                    "optional": false,
                    "parent": "request"
                  },
                  {
                    "control_type": "text",
                    "label": "S3 Bucket",
                    "name": "S3Bucket",
                    "type": "string",
                    "optional": false,
                    "parent": "request"
                  },
                  {
                    "control_type": "text",
                    "label": "S3 Region",
                    "name": "S3Region",
                    "type": "string",
                    "optional": false,
                    "parent": "request"
                  },
                  {
                    "control_type": "text",
                    "label": "Snowflake table",
                    "name": "snowflakeTable",
                    "type": "string",
                    "optional": false,
                    "parent": "request"
                  },
                  {
                    "control_type": "text",
                    "label": "Snowflake stage",
                    "name": "snowflakeStage",
                    "type": "string",
                    "optional": false,
                    "parent": "request"
                  },
                  {
                    "control_type": "integer",
                    "label": "Limit",
                    "parse_output": "integer_conversion",
                    "name": "Limit",
                    "type": "integer",
                    "optional": false,
                    "parent": "request"
                  },
                  {
                    "control_type": "text",
                    "label": "Order column",
                    "name": "orderColumn",
                    "type": "string",
                    "optional": false,
                    "parent": "request"
                  }
                ]
              }
            ],
            "uuid": "13d7ccc6-12a1-45cf-86cb-d8c8115e9ee8"
          }
        ],
        "source": "#{_('data.workato_list.56257a18.list')}",
        "uuid": "17f25a25-91de-43e0-9a7c-ea7135076149"
      }
    ],
    "job_report_schema": [
      {
        "name": "custom_column_1",
        "label": "Number of Batches"
      },
      {
        "name": "custom_column_2",
        "label": "Rows Exported"
      },
      {
        "name": "custom_column_3",
        "label": "Batch Size"
      }
    ],
    "job_report_config": {
      "custom_column_1": "#{_('data.workato_list.56257a18.list.first.____Size', 'list_meta', '____Size', 'data.workato_list.56257a18.list')}",
      "custom_column_2": "#{_('data.mssql.d5308970.rows.first.row_no')}",
      "custom_column_3": "#{_('data.workato_variable.8322407c.value')}"
    },
    "uuid": "80c1985b-b85b-42a1-87f7-f2596c18f84e"
  },
  "config": [
    {
      "keyword": "application",
      "provider": "clock",
      "account_id": null
    },
    {
      "keyword": "application",
      "provider": "workato_variable",
      "account_id": null
    },
    {
      "keyword": "application",
      "provider": "workato_list",
      "account_id": null
    },
    {
      "keyword": "application",
      "provider": "mssql",
      "account_id": {
        "zip_name": "200gbsqlserver.connection.json",
        "name": "200GBSQLServer",
        "folder": ""
      }
    },
    {
      "keyword": "application",
      "provider": "workato_service",
      "account_id": null
    }
  ]
}